Temperature,Total_Units_Sold,Avg_Units_Sold,Observations
29.0,2936,293.6,10
31.0,8571,285.7,30
32.0,21100,301.42857142857144,70
33.0,22692,283.65,80
34.0,37215,286.2692307692308,130
35.0,20851,297.87142857142857,70
36.0,34400,286.6666666666667,120
37.0,26373,293.03333333333336,90
38.0,31272,284.2909090909091,110
39.0,25291,281.0111111111111,90
40.0,14655,293.1,50
41.0,13991,279.82,50
42.0,2816,281.6,10
44.0,2956,295.6,10
